user_id,user_name,user_age,user_gender,user_city,user_city_type,user_wage,user_age_flag,user_wage_flag,user_action_start,user_action_end,product_type_list
1,郭小丽,29,女,福州,2线,6319,中青年,普通收入人群,5,23,"['程序', '宝妈', '健身', '娱乐']"
2,任雪蒙,44,男,哈尔滨,3线,6059,中年,普通收入人群,0,23,"['健身', '娱乐', '程序', '影视']"
3,郭晓静,50,女,杭州,1线,9074,中老年,中收入人群,10,21,"['美食', '退休礼物', '影视']"
4,郭思帆,43,男,武汉,2线,6791,中年,中收入人群,0,23,"['时尚服装', '美食', '健身', '影视']"
5,鲁永哲,23,男,拉萨,2线,7154,青年,中收入人群,10,22,"['程序', '影视', '娱乐', '美食']"
6,杨园,48,女,昆明,3线,6142,中老年,普通收入人群,10,21,"['健身', '时尚服装', '影视', '美食']"
7,孙玉梅,30,女,南昌,4线,5911,中青年,普通收入人群,5,23,"['娱乐', '美食', '宝妈', '时尚服装']"
8,杨丹,32,男,南宁,3线,6056,中青年,普通收入人群,5,23,"['美食', '健身', '娱乐', '时尚服装']"
9,徐保杰,53,男,银川,3线,6026,中老年,普通收入人群,10,21,"['美食', '退休礼物', '影视']"
10,窦敏,52,女,济南,3线,6273,中老年,普通收入人群,10,21,"['美食', '退休礼物', '影视']"
11,张亚萍,53,男,石家庄,4线,5309,中老年,普通收入人群,10,21,"['美食', '退休礼物', '影视']"
12,李静鸽,53,女,北京,1线,11333,中老年,高收入人群,10,21,"['美食', '退休礼物', '影视']"
13,徐雨婷,47,男,武汉,2线,6728,中老年,中收入人群,10,21,"['健身', '美食', '时尚服装', '影视']"
14,李鹤立,45,女,南宁,3线,5910,中年,普通收入人群,0,23,"['健身', '美食', '时尚服装', '影视']"
15,吴梦圆,45,男,石家庄,4线,5415,中年,普通收入人群,0,23,"['影视', '娱乐', '美食', '健身']"
16,丁锦,36,女,南京,1线,7177,老年,中收入人群,10,19,"['娱乐', '影视', '健身', '美食']"
17,陈小芬,49,男,福州,2线,6236,中老年,普通收入人群,10,21,"['程序', '健身', '美食', '时尚服装']"
18,安坤林,50,男,福州,2线,6461,中老年,普通收入人群,10,21,"['美食', '退休礼物', '影视']"
19,朱琼,32,女,呼和浩特,3线,5965,中青年,普通收入人群,5,23,"['时尚服装', '美食', '影视', '健身']"
20,贺荣琰,28,女,成都,2线,6594,中青年,中收入人群,5,23,"['程序', '宝妈', '时尚服装', '影视']"
21,王鑫,44,男,呼和浩特,3线,6029,中年,普通收入人群,0,23,"['健身', '影视', '美食', '娱乐']"
22,杨静之,28,男,太原,4线,5466,中青年,普通收入人群,5,23,"['美食', '影视', '时尚服装', '健身']"
23,杨娟,29,女,兰州,3线,5847,中青年,普通收入人群,5,23,"['美食', '宝妈', '影视', '时尚服装']"
24,金玉鑫,32,女,海口,3线,6174,中青年,普通收入人群,5,23,"['程序', '宝妈', '美食', '娱乐']"
25,许晓盼,44,女,南昌,4线,5869,中年,普通收入人群,0,23,"['健身', '影视', '时尚服装', '美食']"
26,李圆圆,20,男,银川,3线,6040,青年,普通收入人群,10,22,"['美食', '时尚服装', '娱乐', '程序']"
27,范婷婷,52,男,天津,3线,6110,中老年,普通收入人群,10,21,"['美食', '退休礼物', '影视']"
28,谷清林,31,男,哈尔滨,3线,5986,中青年,普通收入人群,5,23,"['健身', '时尚服装', '娱乐', '影视']"
29,刘依佳,21,女,南宁,3线,5929,青年,普通收入人群,10,22,"['宝妈', '健身', '时尚服装', '美食']"
30,李变,51,男,合肥,3线,6178,中老年,普通收入人群,10,21,"['美食', '退休礼物', '影视']"
31,孙燕,42,男,呼和浩特,3线,5960,中年,普通收入人群,0,23,"['影视', '美食', '健身', '娱乐']"
32,殷文琪,29,女,重庆,2线,6357,中青年,普通收入人群,5,23,"['时尚服装', '程序', '健身', '娱乐']"
33,柴浩姗,28,女,南宁,3线,6034,中青年,普通收入人群,5,23,"['影视', '程序', '健身', '宝妈']"
34,侯敏,20,女,银川,3线,6203,青年,普通收入人群,10,22,"['影视', '美食', '宝妈', '健身']"
35,王亚雯,32,女,长沙,3线,6218,中青年,普通收入人群,5,23,"['美食', '影视', '程序', '健身']"
36,王玉莹,29,女,沈阳,4线,5797,中青年,普通收入人群,5,23,"['时尚服装', '健身', '美食', '宝妈']"
37,董寒静,52,男,上海,1线,9864,中老年,中收入人群,10,21,"['美食', '退休礼物', '影视']"
38,陈寒,40,女,呼和浩特,3线,5955,中年,普通收入人群,0,23,"['时尚服装', '健身', '美食', '影视']"
39,宋燕,44,男,呼和浩特,3线,6125,中年,普通收入人群,0,23,"['程序', '影视', '健身', '娱乐']"
40,周洁,46,女,上海,1线,10149,老年,高收入人群,10,19,"['程序', '健身', '娱乐', '时尚服装']"
41,赵改楠,34,女,重庆,2线,6595,中青年,中收入人群,5,23,"['宝妈', '时尚服装', '健身', '娱乐']"
42,李晓慧,43,男,沈阳,4线,5584,中年,普通收入人群,0,23,"['时尚服装', '影视', '健身', '娱乐']"
43,张京京,37,男,呼和浩特,3线,6138,中年,普通收入人群,0,23,"['美食', '娱乐', '时尚服装', '程序']"
44,罗星,40,男,石家庄,4线,5611,中年,普通收入人群,0,23,"['美食', '时尚服装', '娱乐', '影视']"
45,张丹,39,男,广州,1线,7171,中年,中收入人群,0,23,"['健身', '美食', '娱乐', '影视']"
46,陈东霞,34,女,广州,1线,7297,中青年,中收入人群,5,23,"['健身', '娱乐', '美食', '时尚服装']"
47,卢晶晶,24,女,合肥,3线,5876,青年,普通收入人群,10,22,"['娱乐', '时尚服装', '宝妈', '影视']"
48,赵瑞阳,44,男,海口,3线,6256,中年,普通收入人群,0,23,"['时尚服装', '影视', '美食', '程序']"
49,孔梦思,45,女,呼和浩特,3线,5980,中年,普通收入人群,0,23,"['娱乐', '健身', '时尚服装', '影视']"
50,闫瑞萍,31,男,长沙,3线,6139,中青年,普通收入人群,5,23,"['娱乐', '健身', '时尚服装', '美食']"
51,韩珂,30,女,长春,3线,6109,中青年,普通收入人群,5,23,"['宝妈', '美食', '娱乐', '健身']"
52,汪与童,54,女,广州,1线,7066,中老年,中收入人群,10,21,"['美食', '退休礼物', '影视']"
53,范梦洋,42,男,西安,4线,5759,中年,普通收入人群,0,23,"['时尚服装', '健身', '娱乐', '影视']"
54,李蒙雨,46,女,南昌,4线,5540,老年,普通收入人群,10,19,"['娱乐', '时尚服装', '美食', '影视']"
55,曾申,38,男,乌鲁木齐,2线,6563,中年,中收入人群,0,23,"['时尚服装', '娱乐', '影视', '健身']"
56,张俊垚,34,男,长沙,3线,6005,中青年,普通收入人群,5,23,"['美食', '程序', '健身', '影视']"
57,张依芮,33,女,西宁,3线,6258,中青年,普通收入人群,5,23,"['娱乐', '影视', '宝妈', '时尚服装']"
58,刘智慧,20,女,沈阳,4线,5460,青年,普通收入人群,10,22,"['影视', '健身', '时尚服装', '宝妈']"
59,符艳恋,44,男,银川,3线,6074,中年,普通收入人群,0,23,"['程序', '时尚服装', '影视', '健身']"
60,王倩倩,23,女,长沙,3线,5917,青年,普通收入人群,10,22,"['娱乐', '宝妈', '时尚服装', '影视']"
61,陈惠娟,44,男,长春,3线,6080,中年,普通收入人群,0,23,"['时尚服装', '影视', '程序', '娱乐']"
62,彭姣,30,女,海口,3线,6275,中青年,普通收入人群,5,23,"['时尚服装', '美食', '程序', '影视']"
63,常青青,45,男,银川,3线,6160,中年,普通收入人群,0,23,"['美食', '娱乐', '时尚服装', '程序']"
64,焦于飞,36,女,石家庄,4线,5608,老年,普通收入人群,10,19,"['健身', '娱乐', '美食', '时尚服装']"
65,王可可,51,女,海口,3线,5952,中老年,普通收入人群,10,21,"['美食', '退休礼物', '影视']"
66,张燕燕,48,男,昆明,3线,6300,中老年,普通收入人群,10,21,"['时尚服装', '程序', '健身', '娱乐']"
67,马小令,52,女,呼和浩特,3线,6201,中老年,普通收入人群,10,21,"['美食', '退休礼物', '影视']"
68,郭梦珂,52,女,北京,1线,11484,中老年,高收入人群,10,21,"['美食', '退休礼物', '影视']"
69,周扬扬,24,女,南宁,3线,6018,青年,普通收入人群,10,22,"['健身', '影视', '宝妈', '美食']"
70,朱晓慧,49,女,昆明,3线,6207,中老年,普通收入人群,10,21,"['健身', '程序', '影视', '娱乐']"
71,胡颜美,48,女,济南,3线,6304,中老年,普通收入人群,10,21,"['娱乐', '影视', '美食', '程序']"
72,李芳,51,男,南京,1线,7038,中老年,中收入人群,10,21,"['美食', '退休礼物', '影视']"
73,刘志毅,55,男,广州,1线,7064,中老年,中收入人群,10,21,"['美食', '退休礼物', '影视']"
74,张晓华,21,男,西安,4线,5830,青年,普通收入人群,10,22,"['娱乐', '健身', '时尚服装', '影视']"
75,胡宣轩,35,女,武汉,2线,6578,中青年,中收入人群,5,23,"['影视', '程序', '时尚服装', '宝妈']"
76,林俊艳,55,女,重庆,2线,6464,中老年,普通收入人群,10,21,"['美食', '退休礼物', '影视']"
77,张阳,38,男,武汉,2线,6800,中年,中收入人群,0,23,"['影视', '美食', '程序', '时尚服装']"
78,王淑燕,32,女,长沙,3线,6183,中青年,普通收入人群,5,23,"['程序', '宝妈', '娱乐', '美食']"
79,许贝贝,26,女,石家庄,4线,5657,中青年,普通收入人群,5,23,"['娱乐', '健身', '美食', '影视']"
80,潘慧婷,42,女,济南,3线,6299,中年,普通收入人群,0,23,"['影视', '娱乐', '美食', '健身']"
81,袁小雅,42,女,南宁,3线,6055,中年,普通收入人群,0,23,"['美食', '娱乐', '影视', '程序']"
82,侯东旭,39,女,杭州,1线,9380,中年,中收入人群,0,23,"['影视', '程序', '美食', '时尚服装']"
83,牛贾璇,29,男,呼和浩特,3线,5929,中青年,普通收入人群,5,23,"['美食', '健身', '娱乐', '时尚服装']"
84,陈亚萍,27,男,银川,3线,6209,中青年,普通收入人群,5,23,"['美食', '健身', '娱乐', '时尚服装']"
85,郭璐瑶,27,男,海口,3线,5990,中青年,普通收入人群,5,23,"['健身', '娱乐', '美食', '影视']"
86,王奕通,50,男,银川,3线,6093,中老年,普通收入人群,10,21,"['美食', '退休礼物', '影视']"
87,晁佳莹,46,男,上海,1线,9951,老年,中收入人群,10,19,"['娱乐', '影视', '美食', '程序']"
88,王美云,48,男,南京,1线,7396,中老年,中收入人群,10,21,"['时尚服装', '程序', '健身', '美食']"
89,丁梦洁,32,女,西安,4线,5902,中青年,普通收入人群,5,23,"['娱乐', '健身', '影视', '美食']"
90,刘文航,53,女,沈阳,4线,5746,中老年,普通收入人群,10,21,"['美食', '退休礼物', '影视']"
91,焦旭阳,49,女,沈阳,4线,5769,中老年,普通收入人群,10,21,"['美食', '娱乐', '时尚服装', '影视']"
92,王永飞,25,男,武汉,2线,6446,老年,普通收入人群,10,19,"['时尚服装', '健身', '程序', '影视']"
93,李梦瑶,38,女,南宁,3线,6031,中年,普通收入人群,0,23,"['美食', '娱乐', '程序', '时尚服装']"
94,杨利娜,51,女,长春,3线,6096,中老年,普通收入人群,10,21,"['美食', '退休礼物', '影视']"
95,王雅欣,22,男,济南,3线,6045,青年,普通收入人群,10,22,"['时尚服装', '健身', '影视', '程序']"
96,付文博,21,女,贵阳,2线,6479,青年,普通收入人群,10,22,"['程序', '娱乐', '时尚服装', '影视']"
97,宋汝靖,55,女,银川,3线,6000,中老年,普通收入人群,10,21,"['美食', '退休礼物', '影视']"
98,李渃楠,48,男,海口,3线,6271,中老年,普通收入人群,10,21,"['影视', '时尚服装', '娱乐', '健身']"
99,康玉滢,46,女,天津,3线,5880,老年,普通收入人群,10,19,"['影视', '时尚服装', '娱乐', '美食']"
100,段新宇,45,男,天津,3线,6152,中年,普通收入人群,0,23,"['程序', '影视', '健身', '时尚服装']"
101,蔡晨晴,20,男,乌鲁木齐,2线,6525,青年,中收入人群,10,22,"['影视', '健身', '程序', '时尚服装']"
102,陈博,47,女,石家庄,4线,5369,中老年,普通收入人群,10,21,"['健身', '娱乐', '时尚服装', '影视']"
103,赵梦瑶,45,女,天津,3线,6196,中年,普通收入人群,0,23,"['影视', '娱乐', '健身', '时尚服装']"
104,杨莹莹,29,男,海口,3线,6034,中青年,普通收入人群,5,23,"['时尚服装', '影视', '美食', '娱乐']"
105,刘春利,42,男,成都,2线,6502,中年,中收入人群,0,23,"['健身', '美食', '娱乐', '时尚服装']"
106,郑巧丽,47,男,拉萨,2线,6919,中老年,中收入人群,10,21,"['娱乐', '程序', '时尚服装', '美食']"
107,张改丽,46,女,重庆,2线,6601,老年,中收入人群,10,19,"['影视', '程序', '健身', '时尚服装']"
108,肖茹铃,35,女,广州,1线,7408,中青年,中收入人群,5,23,"['娱乐', '影视', '美食', '宝妈']"
109,张青涛,31,女,长春,3线,6090,中青年,普通收入人群,5,23,"['健身', '美食', '影视', '宝妈']"
110,薛慧茹,32,女,合肥,3线,5803,中青年,普通收入人群,5,23,"['宝妈', '美食', '影视', '时尚服装']"
111,孙小艳,38,女,郑州,3线,5806,中年,普通收入人群,0,23,"['影视', '美食', '娱乐', '时尚服装']"
112,张慧敏,44,女,成都,2线,6488,中年,普通收入人群,0,23,"['美食', '影视', '时尚服装', '娱乐']"
113,张雨,20,男,西宁,3线,6341,青年,普通收入人群,10,22,"['健身', '影视', '美食', '娱乐']"
114,尹梦婕,54,女,西安,4线,5991,中老年,普通收入人群,10,21,"['美食', '退休礼物', '影视']"
115,王淑莹,48,男,石家庄,4线,5572,中老年,普通收入人群,10,21,"['美食', '影视', '时尚服装', '健身']"
116,张杰,25,男,长春,3线,6062,老年,普通收入人群,10,19,"['影视', '娱乐', '美食', '程序']"
117,黄子珂,38,男,石家庄,4线,5577,中年,普通收入人群,0,23,"['美食', '时尚服装', '影视', '健身']"
118,孙梦娜,49,女,贵阳,2线,6566,中老年,中收入人群,10,21,"['健身', '美食', '娱乐', '影视']"
119,周梦韩,36,男,乌鲁木齐,2线,6611,老年,中收入人群,10,19,"['时尚服装', '娱乐', '美食', '影视']"
120,王铭,22,男,重庆,2线,6310,青年,普通收入人群,10,22,"['时尚服装', '健身', '美食', '程序']"
121,王慧婷,55,女,昆明,3线,6416,中老年,普通收入人群,10,21,"['美食', '退休礼物', '影视']"
122,窦梦真,39,女,上海,1线,10050,中年,高收入人群,0,23,"['娱乐', '影视', '健身', '美食']"
123,张梦菲,55,男,天津,3线,6001,中老年,普通收入人群,10,21,"['美食', '退休礼物', '影视']"
124,刘含,37,男,哈尔滨,3线,6010,中年,普通收入人群,0,23,"['娱乐', '美食', '健身', '影视']"
125,温向如,31,女,南京,1线,7066,中青年,中收入人群,5,23,"['影视', '娱乐', '美食', '时尚服装']"
126,王晓停,29,女,沈阳,4线,5480,中青年,普通收入人群,5,23,"['健身', '时尚服装', '宝妈', '美食']"
127,袁晓洁,41,女,拉萨,2线,6917,中年,中收入人群,0,23,"['影视', '时尚服装', '健身', '娱乐']"
128,廉晨晨,36,女,长沙,3线,6228,老年,普通收入人群,10,19,"['影视', '娱乐', '程序', '美食']"
129,李唤唤,34,男,南昌,4线,5642,中青年,普通收入人群,5,23,"['时尚服装', '影视', '娱乐', '健身']"
130,阿曼尼沙,45,女,上海,1线,9823,中年,中收入人群,0,23,"['影视', '健身', '娱乐', '时尚服装']"
131,王梦杰,53,女,哈尔滨,3线,5959,中老年,普通收入人群,10,21,"['美食', '退休礼物', '影视']"
132,张慧娟,53,女,武汉,2线,6672,中老年,中收入人群,10,21,"['美食', '退休礼物', '影视']"
133,陈萍,50,男,贵阳,2线,6598,中老年,中收入人群,10,21,"['美食', '退休礼物', '影视']"
134,牛子凯,26,男,广州,1线,7201,中青年,中收入人群,5,23,"['程序', '时尚服装', '娱乐', '健身']"
135,司陈陈,42,男,太原,4线,5283,中年,普通收入人群,0,23,"['健身', '时尚服装', '美食', '娱乐']"
136,陈瑞昕,31,女,南京,1线,7332,中青年,中收入人群,5,23,"['影视', '时尚服装', '美食', '健身']"
137,李月,48,男,海口,3线,6255,中老年,普通收入人群,10,21,"['娱乐', '美食', '时尚服装', '健身']"
138,闫宝宝,48,男,成都,2线,6519,中老年,中收入人群,10,21,"['程序', '健身', '时尚服装', '娱乐']"
139,董建华,23,女,成都,2线,6460,青年,普通收入人群,10,22,"['程序', '宝妈', '时尚服装', '影视']"
140,文开科,28,男,兰州,3线,5868,中青年,普通收入人群,5,23,"['美食', '娱乐', '时尚服装', '健身']"
141,朱荣坤,45,男,济南,3线,6048,中年,普通收入人群,0,23,"['时尚服装', '健身', '美食', '程序']"
142,李荣荣,35,女,合肥,3线,6103,中青年,普通收入人群,5,23,"['健身', '程序', '宝妈', '时尚服装']"
143,管妮头,53,男,南京,1线,7278,中老年,中收入人群,10,21,"['美食', '退休礼物', '影视']"
144,赵雅囡,50,男,济南,3线,6349,中老年,普通收入人群,10,21,"['美食', '退休礼物', '影视']"
145,白云琪,55,男,太原,4线,5322,中老年,普通收入人群,10,21,"['美食', '退休礼物', '影视']"
146,聂鑫政,42,男,武汉,2线,6461,中年,普通收入人群,0,23,"['程序', '健身', '影视', '美食']"
147,张玉琦,26,女,成都,2线,6487,中青年,普通收入人群,5,23,"['健身', '影视', '时尚服装', '娱乐']"
148,陈欢珍,40,男,杭州,1线,9426,中年,中收入人群,0,23,"['时尚服装', '影视', '娱乐', '美食']"
149,黄无君,35,女,乌鲁木齐,2线,6407,中青年,普通收入人群,5,23,"['影视', '美食', '娱乐', '健身']"
150,张丹,21,男,长沙,3线,6214,青年,普通收入人群,10,22,"['美食', '程序', '健身', '影视']"
151,熊乐乐,27,女,长沙,3线,6098,中青年,普通收入人群,5,23,"['健身', '时尚服装', '宝妈', '影视']"
152,杨晓燕,49,女,成都,2线,6749,中老年,中收入人群,10,21,"['娱乐', '健身', '程序', '影视']"
153,苗怡萌,26,男,海口,3线,6142,中青年,普通收入人群,5,23,"['影视', '程序', '时尚服装', '健身']"
154,何梦抒,40,女,哈尔滨,3线,6134,中年,普通收入人群,0,23,"['娱乐', '健身', '美食', '影视']"
155,冯凯栋,48,男,上海,1线,10030,中老年,高收入人群,10,21,"['娱乐', '时尚服装', '程序', '影视']"
156,马梦琴,47,女,南昌,4线,5684,中老年,普通收入人群,10,21,"['时尚服装', '影视', '健身', '美食']"
157,叶梦琴,38,男,西安,4线,5968,中年,普通收入人群,0,23,"['时尚服装', '健身', '美食', '娱乐']"
158,李鑫,42,男,海口,3线,6060,中年,普通收入人群,0,23,"['影视', '美食', '程序', '健身']"
159,贾成丽,24,男,乌鲁木齐,2线,6661,青年,中收入人群,10,22,"['时尚服装', '健身', '影视', '娱乐']"
160,梁英丽,43,男,南京,1线,7388,中年,中收入人群,0,23,"['影视', '时尚服装', '娱乐', '健身']"
161,刘锐,36,男,长春,3线,5871,老年,普通收入人群,10,19,"['健身', '时尚服装', '影视', '美食']"
162,陈楠,46,女,北京,1线,11464,老年,高收入人群,10,19,"['美食', '健身', '时尚服装', '娱乐']"
163,郭雅鑫,49,女,兰州,3线,5928,中老年,普通收入人群,10,21,"['时尚服装', '美食', '影视', '健身']"
164,郑淳元,50,男,福州,2线,6514,中老年,中收入人群,10,21,"['美食', '退休礼物', '影视']"
165,张婕,47,女,广州,1线,7177,中老年,中收入人群,10,21,"['健身', '娱乐', '影视', '程序']"
166,张婷婷,33,女,乌鲁木齐,2线,6543,中青年,中收入人群,5,23,"['宝妈', '美食', '影视', '时尚服装']"
167,李真真,22,男,广州,1线,7365,青年,中收入人群,10,22,"['娱乐', '影视', '程序', '时尚服装']"
168,孙艳杰,34,男,成都,2线,6478,中青年,普通收入人群,5,23,"['美食', '健身', '娱乐', '影视']"
169,许米娜,39,男,海口,3线,6290,中年,普通收入人群,0,23,"['健身', '程序', '影视', '美食']"
170,张娟娟,31,男,福州,2线,6306,中青年,普通收入人群,5,23,"['美食', '程序', '健身', '时尚服装']"
171,郭朋康,30,男,石家庄,4线,5403,中青年,普通收入人群,5,23,"['美食', '时尚服装', '健身', '娱乐']"
172,李锦西,21,女,沈阳,4线,5413,青年,普通收入人群,10,22,"['影视', '时尚服装', '娱乐', '美食']"
173,刘艺炜,32,男,天津,3线,6112,中青年,普通收入人群,5,23,"['影视', '程序', '时尚服装', '娱乐']"
174,万舒琪,54,男,成都,2线,6510,中老年,中收入人群,10,21,"['美食', '退休礼物', '影视']"
175,邰家璇,26,男,太原,4线,5106,中青年,低收入人群,5,23,"['影视', '娱乐', '美食', '健身']"
176,计荣荣,45,女,昆明,3线,6374,中年,普通收入人群,0,23,"['程序', '时尚服装', '健身', '娱乐']"
177,张忠琴,32,男,郑州,3线,5938,中青年,普通收入人群,5,23,"['娱乐', '时尚服装', '美食', '影视']"
178,张杨,46,男,长沙,3线,6153,老年,普通收入人群,10,19,"['程序', '娱乐', '健身', '影视']"
179,刘侃,54,女,银川,3线,6035,中老年,普通收入人群,10,21,"['美食', '退休礼物', '影视']"
180,步贵华,22,女,广州,1线,7264,青年,中收入人群,10,22,"['宝妈', '时尚服装', '影视', '健身']"
181,陈珍,39,女,济南,3线,6155,中年,普通收入人群,0,23,"['娱乐', '时尚服装', '影视', '健身']"
182,邓雅芝,44,女,呼和浩特,3线,6039,中年,普通收入人群,0,23,"['健身', '娱乐', '程序', '时尚服装']"
183,刘永利,29,男,沈阳,4线,5614,中青年,普通收入人群,5,23,"['娱乐', '美食', '健身', '时尚服装']"
184,王士雷,20,男,成都,2线,6563,青年,中收入人群,10,22,"['美食', '程序', '时尚服装', '影视']"
185,胡子旋,33,男,上海,1线,9872,中青年,中收入人群,5,23,"['时尚服装', '健身', '美食', '影视']"
186,李梦圆,36,女,西宁,3线,6282,老年,普通收入人群,10,19,"['影视', '娱乐', '健身', '时尚服装']"
187,章黎,45,男,银川,3线,5988,中年,普通收入人群,0,23,"['影视', '娱乐', '健身', '美食']"
188,薛东方,29,女,福州,2线,6177,中青年,普通收入人群,5,23,"['时尚服装', '娱乐', '美食', '健身']"
189,单玲玲,44,男,天津,3线,5965,中年,普通收入人群,0,23,"['时尚服装', '娱乐', '影视', '健身']"
190,盛雪,33,女,南京,1线,7082,中青年,中收入人群,5,23,"['时尚服装', '健身', '美食', '影视']"
191,蒋艳萍,34,女,济南,3线,6223,中青年,普通收入人群,5,23,"['宝妈', '健身', '程序', '影视']"
192,刘鑫,27,女,石家庄,4线,5612,中青年,普通收入人群,5,23,"['娱乐', '宝妈', '影视', '健身']"
193,庄雪,53,男,天津,3线,6022,中老年,普通收入人群,10,21,"['美食', '退休礼物', '影视']"
194,毛欣欣,43,女,海口,3线,6294,中年,普通收入人群,0,23,"['娱乐', '健身', '程序', '时尚服装']"
195,刘丽,25,男,海口,3线,6014,老年,普通收入人群,10,19,"['程序', '健身', '美食', '影视']"
196,吕品,53,女,西安,4线,5848,中老年,普通收入人群,10,21,"['美食', '退休礼物', '影视']"
197,卢星任,25,男,长沙,3线,6002,老年,普通收入人群,10,19,"['程序', '美食', '健身', '影视']"
198,杨火桃,46,男,济南,3线,6346,老年,普通收入人群,10,19,"['程序', '时尚服装', '美食', '影视']"
199,姜可,21,男,呼和浩特,3线,6167,青年,普通收入人群,10,22,"['时尚服装', '影视', '美食', '程序']"
200,王志敏,36,女,拉萨,2线,6881,老年,中收入人群,10,19,"['健身', '娱乐', '美食', '时尚服装']"
201,陈玉雅,35,男,长沙,3线,5979,中青年,普通收入人群,5,23,"['健身', '美食', '影视', '时尚服装']"
202,孙慧哲,26,男,呼和浩特,3线,6258,中青年,普通收入人群,5,23,"['娱乐', '影视', '时尚服装', '程序']"
203,李鑫琪,46,男,长春,3线,5864,老年,普通收入人群,10,19,"['娱乐', '时尚服装', '影视', '美食']"
204,张品燕,37,男,天津,3线,5908,中年,普通收入人群,0,23,"['娱乐', '时尚服装', '影视', '健身']"
205,李杨圆,24,男,郑州,3线,5858,青年,普通收入人群,10,22,"['美食', '娱乐', '时尚服装', '健身']"
206,孙真燕,51,女,海口,3线,6274,中老年,普通收入人群,10,21,"['美食', '退休礼物', '影视']"
207,郭玉,54,女,重庆,2线,6428,中老年,普通收入人群,10,21,"['美食', '退休礼物', '影视']"
208,赵佳瑶,48,男,海口,3线,6032,中老年,普通收入人群,10,21,"['美食', '时尚服装', '娱乐', '健身']"
209,陈莹琰,53,女,兰州,3线,5877,中老年,普通收入人群,10,21,"['美食', '退休礼物', '影视']"
210,牛芳毅,55,女,郑州,3线,5885,中老年,普通收入人群,10,21,"['美食', '退休礼物', '影视']"
211,罗梦帆,46,男,福州,2线,6360,老年,普通收入人群,10,19,"['程序', '时尚服装', '健身', '美食']"
212,毛梦慧,25,男,天津,3线,6269,老年,普通收入人群,10,19,"['健身', '娱乐', '时尚服装', '美食']"
213,管俊婷,39,女,长沙,3线,6218,中年,普通收入人群,0,23,"['健身', '程序', '美食', '时尚服装']"
214,张俊楠,54,男,石家庄,4线,5471,中老年,普通收入人群,10,21,"['美食', '退休礼物', '影视']"
215,郑星林,36,男,拉萨,2线,6953,老年,中收入人群,10,19,"['娱乐', '程序', '时尚服装', '美食']"
216,赵晓,47,女,郑州,3线,6120,中老年,普通收入人群,10,21,"['健身', '娱乐', '影视', '美食']"
217,闫晓利,20,女,长沙,3线,5907,青年,普通收入人群,10,22,"['娱乐', '时尚服装', '影视', '宝妈']"
218,徐晓涛,40,男,福州,2线,6450,中年,普通收入人群,0,23,"['时尚服装', '娱乐', '健身', '影视']"
219,刘婷恋,47,男,石家庄,4线,5663,中老年,普通收入人群,10,21,"['时尚服装', '健身', '美食', '娱乐']"
220,范晓童,49,女,贵阳,2线,6498,中老年,普通收入人群,10,21,"['影视', '时尚服装', '程序', '美食']"
221,闫贝欣,48,女,昆明,3线,6229,中老年,普通收入人群,10,21,"['娱乐', '程序', '美食', '时尚服装']"
222,杨珂婕,26,女,成都,2线,6586,中青年,中收入人群,5,23,"['健身', '宝妈', '影视', '程序']"
223,宋晓真,36,女,上海,1线,10169,老年,高收入人群,10,19,"['影视', '程序', '美食', '时尚服装']"
224,张亚圆,24,女,北京,1线,11281,青年,高收入人群,10,22,"['时尚服装', '健身', '程序', '影视']"
225,张凯燕,32,男,银川,3线,6279,中青年,普通收入人群,5,23,"['娱乐', '时尚服装', '美食', '影视']"
226,王永楠,35,男,沈阳,4线,5752,中青年,普通收入人群,5,23,"['美食', '健身', '娱乐', '时尚服装']"
227,袁子,36,男,呼和浩特,3线,6116,老年,普通收入人群,10,19,"['娱乐', '美食', '程序', '影视']"
228,张含,32,男,福州,2线,6523,中青年,中收入人群,5,23,"['程序', '影视', '时尚服装', '娱乐']"
229,鲁丹琦,43,男,上海,1线,10179,中年,高收入人群,0,23,"['娱乐', '时尚服装', '健身', '美食']"
230,万鑫杰,27,女,成都,2线,6608,中青年,中收入人群,5,23,"['美食', '娱乐', '时尚服装', '宝妈']"
231,常梦,24,男,福州,2线,6499,青年,普通收入人群,10,22,"['娱乐', '影视', '美食', '健身']"
232,郭敏,28,男,北京,1线,11369,中青年,高收入人群,5,23,"['时尚服装', '程序', '娱乐', '健身']"
233,李怡华,31,女,银川,3线,6138,中青年,普通收入人群,5,23,"['娱乐', '时尚服装', '宝妈', '影视']"
234,朱静昕,54,男,呼和浩特,3线,6026,中老年,普通收入人群,10,21,"['美食', '退休礼物', '影视']"
235,焦思萍,51,女,长沙,3线,6026,中老年,普通收入人群,10,21,"['美食', '退休礼物', '影视']"
236,刘向靖,43,女,沈阳,4线,5558,中年,普通收入人群,0,23,"['娱乐', '健身', '美食', '时尚服装']"
237,李燕康,30,男,福州,2线,6202,中青年,普通收入人群,5,23,"['影视', '美食', '时尚服装', '健身']"
238,王士圆,27,男,兰州,3线,6123,中青年,普通收入人群,5,23,"['影视', '程序', '健身', '时尚服装']"
239,蒋雪博,49,男,长沙,3线,6195,中老年,普通收入人群,10,21,"['时尚服装', '程序', '健身', '影视']"
240,刘旭洁,44,男,上海,1线,10077,中年,高收入人群,0,23,"['健身', '程序', '时尚服装', '娱乐']"
241,张静,31,男,兰州,3线,5999,中青年,普通收入人群,5,23,"['美食', '时尚服装', '健身', '影视']"
242,孙婷莹,32,男,沈阳,4线,5486,中青年,普通收入人群,5,23,"['影视', '美食', '健身', '娱乐']"
243,陈朋方,25,男,西宁,3线,6347,老年,普通收入人群,10,19,"['健身', '影视', '娱乐', '美食']"
244,潘雪静,38,女,南宁,3线,5897,中年,普通收入人群,0,23,"['健身', '美食', '时尚服装', '影视']"
245,林锦,55,男,石家庄,4线,5396,中老年,普通收入人群,10,21,"['美食', '退休礼物', '影视']"
246,刘蒙茹,29,女,石家庄,4线,5520,中青年,普通收入人群,5,23,"['宝妈', '健身', '娱乐', '时尚服装']"
247,张琼艳,33,女,杭州,1线,9454,中青年,中收入人群,5,23,"['美食', '娱乐', '程序', '影视']"
248,郭荣,49,女,沈阳,4线,5669,中老年,普通收入人群,10,21,"['时尚服装', '美食', '娱乐', '影视']"
249,陈璐鸽,30,男,石家庄,4线,5329,中青年,普通收入人群,5,23,"['影视', '美食', '健身', '时尚服装']"
250,柴慧,48,男,长春,3线,5822,中老年,普通收入人群,10,21,"['娱乐', '健身', '时尚服装', '影视']"
251,付梦尼,35,女,福州,2线,6133,中青年,普通收入人群,5,23,"['美食', '程序', '时尚服装', '娱乐']"
252,司梦利,31,女,太原,4线,5197,中青年,低收入人群,5,23,"['时尚服装', '娱乐', '宝妈', '美食']"
253,苗忠琪,44,男,郑州,3线,6053,中年,普通收入人群,0,23,"['健身', '娱乐', '时尚服装', '美食']"
254,张与可,42,男,昆明,3线,6217,中年,普通收入人群,0,23,"['时尚服装', '娱乐', '影视', '程序']"
255,孔慧,51,女,西宁,3线,6000,中老年,普通收入人群,10,21,"['美食', '退休礼物', '影视']"
256,单敏乐,49,男,成都,2线,6669,中老年,中收入人群,10,21,"['时尚服装', '美食', '影视', '程序']"
257,徐汝晨,34,女,济南,3线,6204,中青年,普通收入人群,5,23,"['时尚服装', '美食', '娱乐', '宝妈']"
258,周博,22,女,重庆,2线,6278,青年,普通收入人群,10,22,"['健身', '程序', '娱乐', '宝妈']"
259,郑依思,23,男,拉萨,2线,6997,青年,中收入人群,10,22,"['美食', '程序', '娱乐', '时尚服装']"
260,刘黎美,30,男,沈阳,4线,5798,中青年,普通收入人群,5,23,"['健身', '影视', '娱乐', '时尚服装']"
261,刘荣荣,25,男,兰州,3线,6169,老年,普通收入人群,10,19,"['程序', '美食', '娱乐', '影视']"
262,冯小丽,55,女,石家庄,4线,5457,中老年,普通收入人群,10,21,"['美食', '退休礼物', '影视']"
263,李可立,24,女,兰州,3线,5924,青年,普通收入人群,10,22,"['宝妈', '影视', '娱乐', '时尚服装']"
264,杨艳,37,男,北京,1线,11116,中年,高收入人群,0,23,"['健身', '娱乐', '程序', '影视']"
265,尹小,39,女,银川,3线,6320,中年,普通收入人群,0,23,"['娱乐', '程序', '时尚服装', '影视']"
266,李萍琴,27,女,天津,3线,6101,中青年,普通收入人群,5,23,"['程序', '健身', '娱乐', '影视']"
267,王鹤头,44,女,拉萨,2线,6895,中年,中收入人群,0,23,"['娱乐', '程序', '时尚服装', '美食']"
268,胡丹敏,47,女,长沙,3线,5928,中老年,普通收入人群,10,21,"['影视', '美食', '健身', '时尚服装']"
269,陈荣娟,53,女,呼和浩特,3线,6258,中老年,普通收入人群,10,21,"['美食', '退休礼物', '影视']"
270,焦淑娟,21,女,哈尔滨,3线,5857,青年,普通收入人群,10,22,"['健身', '美食', '影视', '宝妈']"
271,殷成,53,女,广州,1线,7075,中老年,中收入人群,10,21,"['美食', '退休礼物', '影视']"
272,胡志垚,21,女,北京,1线,11433,青年,高收入人群,10,22,"['健身', '影视', '时尚服装', '程序']"
273,廉乐盼,34,女,沈阳,4线,5611,中青年,普通收入人群,5,23,"['宝妈', '娱乐', '美食', '时尚服装']"
274,张雨菲,23,女,重庆,2线,6346,青年,普通收入人群,10,22,"['娱乐', '宝妈', '健身', '时尚服装']"
275,马寒,48,男,哈尔滨,3线,6100,中老年,普通收入人群,10,21,"['娱乐', '健身', '程序', '美食']"
276,计无凯,54,男,拉萨,2线,6938,中老年,中收入人群,10,21,"['美食', '退休礼物', '影视']"
277,董雪琴,49,男,杭州,1线,9429,中老年,中收入人群,10,21,"['美食', '健身', '时尚服装', '程序']"
278,窦宝元,34,男,贵阳,2线,6658,中青年,中收入人群,5,23,"['美食', '时尚服装', '娱乐', '程序']"
279,卢铭梅,36,女,福州,2线,6249,老年,普通收入人群,10,19,"['程序', '影视', '时尚服装', '娱乐']"
280,张晓贝,34,男,上海,1线,9973,中青年,中收入人群,5,23,"['影视', '娱乐', '健身', '时尚服装']"
281,贾开荣,22,男,南昌,4线,5790,青年,普通收入人群,10,22,"['影视', '娱乐', '美食', '健身']"
282,杨于如,55,女,北京,1线,11237,中老年,高收入人群,10,21,"['美食', '退休礼物', '影视']"
283,聂春芝,35,男,乌鲁木齐,2线,6749,中青年,中收入人群,5,23,"['影视', '美食', '娱乐', '健身']"
284,杨贾之,40,女,成都,2线,6528,中年,中收入人群,0,23,"['影视', '娱乐', '健身', '美食']"
285,邰雅通,20,男,上海,1线,10136,青年,高收入人群,10,22,"['健身', '娱乐', '影视', '时尚服装']"
286,吴瑞丽,31,女,长沙,3线,5917,中青年,普通收入人群,5,23,"['宝妈', '时尚服装', '娱乐', '健身']"
287,张英科,23,女,乌鲁木齐,2线,6612,青年,中收入人群,10,22,"['时尚服装', '娱乐', '程序', '影视']"
288,梁梦慧,53,男,郑州,3线,5832,中老年,普通收入人群,10,21,"['美食', '退休礼物', '影视']"
289,邓永令,26,男,拉萨,2线,7142,中青年,中收入人群,5,23,"['影视', '娱乐', '美食', '时尚服装']"
290,王美,20,女,西宁,3线,6128,青年,普通收入人群,10,22,"['美食', '时尚服装', '程序', '影视']"
291,马丽坤,37,女,武汉,2线,6587,中年,中收入人群,0,23,"['健身', '时尚服装', '影视', '美食']"
292,郭鑫,50,男,沈阳,4线,5429,中老年,普通收入人群,10,21,"['美食', '退休礼物', '影视']"
293,谷燕芬,42,男,昆明,3线,6072,中年,普通收入人群,0,23,"['健身', '美食', '程序', '娱乐']"
294,刘杰丽,27,男,南昌,4线,5636,中青年,普通收入人群,5,23,"['时尚服装', '影视', '美食', '娱乐']"
295,孙利,51,女,杭州,1线,9348,中老年,中收入人群,10,21,"['美食', '退休礼物', '影视']"
296,黄瑞璇,54,男,郑州,3线,5997,中老年,普通收入人群,10,21,"['美食', '退休礼物', '影视']"
297,丁圆桃,31,男,南宁,3线,5977,中青年,普通收入人群,5,23,"['健身', '娱乐', '美食', '影视']"
298,李梦静,41,男,哈尔滨,3线,6001,中年,普通收入人群,0,23,"['娱乐', '美食', '时尚服装', '程序']"
299,王婕囡,32,男,成都,2线,6693,中青年,中收入人群,5,23,"['娱乐', '健身', '时尚服装', '程序']"
300,章云雷,38,男,西安,4线,5782,中年,普通收入人群,0,23,"['健身', '影视', '时尚服装', '娱乐']"
301,曾扬倩,30,男,广州,1线,7234,中青年,中收入人群,5,23,"['影视', '健身', '娱乐', '程序']"
302,贺玲瑶,52,男,银川,3线,6112,中老年,普通收入人群,10,21,"['美食', '退休礼物', '影视']"
303,彭志丽,48,男,长沙,3线,5903,中老年,普通收入人群,10,21,"['娱乐', '时尚服装', '美食', '影视']"
304,董贵,22,女,哈尔滨,3线,5819,青年,普通收入人群,10,22,"['娱乐', '健身', '宝妈', '影视']"
305,温欢芮,28,女,乌鲁木齐,2线,6620,中青年,中收入人群,5,23,"['影视', '美食', '时尚服装', '娱乐']"
306,张楠娟,54,男,贵阳,2线,6623,中老年,中收入人群,10,21,"['美食', '退休礼物', '影视']"
307,陈京霞,24,男,昆明,3线,6390,青年,普通收入人群,10,22,"['健身', '娱乐', '时尚服装', '影视']"
308,张寒娜,48,男,合肥,3线,5891,中老年,普通收入人群,10,21,"['影视', '健身', '美食', '时尚服装']"
309,薛娟,55,男,北京,1线,11182,中老年,高收入人群,10,21,"['美食', '退休礼物', '影视']"
310,张锦敏,34,男,兰州,3线,5946,中青年,普通收入人群,5,23,"['时尚服装', '娱乐', '影视', '美食']"
311,杨智雯,39,女,海口,3线,6039,中年,普通收入人群,0,23,"['影视', '美食', '程序', '娱乐']"
312,张梦,42,男,广州,1线,7184,中年,中收入人群,0,23,"['娱乐', '健身', '影视', '美食']"
313,符依真,40,女,郑州,3线,5960,中年,普通收入人群,0,23,"['时尚服装', '健身', '影视', '美食']"
314,阿晓航,22,男,沈阳,4线,5514,青年,普通收入人群,10,22,"['影视', '健身', '时尚服装', '娱乐']"
315,任改佳,37,男,兰州,3线,6136,中年,普通收入人群,0,23,"['健身', '娱乐', '美食', '影视']"
316,文淳雨,36,女,郑州,3线,6090,老年,普通收入人群,10,19,"['影视', '娱乐', '健身', '时尚服装']"
317,姜锐慧,41,男,贵阳,2线,6480,中年,普通收入人群,0,23,"['程序', '影视', '时尚服装', '健身']"
318,杨慧唤,36,女,天津,3线,5989,老年,普通收入人群,10,19,"['时尚服装', '娱乐', '美食', '健身']"
319,蔡火鑫,37,男,杭州,1线,9140,中年,中收入人群,0,23,"['健身', '程序', '美食', '时尚服装']"
320,刘欣,24,女,南昌,4线,5939,青年,普通收入人群,10,22,"['宝妈', '健身', '影视', '美食']"
321,许雨瑶,55,女,郑州,3线,5951,中老年,普通收入人群,10,21,"['美食', '退休礼物', '影视']"
322,王浩华,34,女,上海,1线,10168,中青年,高收入人群,5,23,"['时尚服装', '娱乐', '影视', '程序']"
323,胡玉,51,男,天津,3线,5946,中老年,普通收入人群,10,21,"['美食', '退休礼物', '影视']"
324,刘永,38,男,西安,4线,5792,中年,普通收入人群,0,23,"['美食', '时尚服装', '影视', '健身']"
325,王东珂,43,男,西宁,3线,6318,中年,普通收入人群,0,23,"['时尚服装', '健身', '程序', '娱乐']"
326,侯丹扬,40,女,西宁,3线,6334,中年,普通收入人群,0,23,"['影视', '健身', '娱乐', '程序']"
327,侯曼杰,41,男,广州,1线,7160,中年,中收入人群,0,23,"['娱乐', '时尚服装', '影视', '程序']"
328,金梦萍,42,男,长春,3线,6102,中年,普通收入人群,0,23,"['美食', '娱乐', '影视', '程序']"
329,周变萍,23,男,重庆,2线,6288,青年,普通收入人群,10,22,"['影视', '时尚服装', '程序', '美食']"
330,陈文,21,女,济南,3线,6337,青年,普通收入人群,10,22,"['程序', '娱乐', '宝妈', '影视']"
331,叶月旋,21,女,哈尔滨,3线,5995,青年,普通收入人群,10,22,"['美食', '健身', '时尚服装', '宝妈']"
332,袁园,29,女,福州,2线,6414,中青年,普通收入人群,5,23,"['程序', '影视', '时尚服装', '娱乐']"
333,白梦莹,45,男,海口,3线,6119,中年,普通收入人群,0,23,"['健身', '娱乐', '时尚服装', '影视']"
334,赵淑杰,29,女,兰州,3线,6068,中青年,普通收入人群,5,23,"['影视', '时尚服装', '美食', '宝妈']"
335,吕晨娜,55,女,长春,3线,5781,中老年,普通收入人群,10,21,"['美食', '退休礼物', '影视']"
336,李舒宝,37,男,南宁,3线,5896,中年,普通收入人群,0,23,"['娱乐', '美食', '时尚服装', '健身']"
337,赵珍莹,27,女,长春,3线,5788,中青年,普通收入人群,5,23,"['健身', '美食', '时尚服装', '娱乐']"
338,张鑫君,41,男,杭州,1线,9337,中年,中收入人群,0,23,"['美食', '影视', '健身', '程序']"
339,陈瑞珍,39,男,福州,2线,6134,中年,普通收入人群,0,23,"['娱乐', '时尚服装', '健身', '美食']"
340,张清,27,女,西宁,3线,6148,中青年,普通收入人群,5,23,"['影视', '程序', '宝妈', '健身']"
341,范惠洋,46,女,贵阳,2线,6382,老年,普通收入人群,10,19,"['健身', '娱乐', '美食', '影视']"
342,郭梦,38,男,贵阳,2线,6703,中年,中收入人群,0,23,"['影视', '娱乐', '健身', '程序']"
343,肖东阳,33,男,天津,3线,6018,中青年,普通收入人群,5,23,"['健身', '美食', '影视', '娱乐']"
344,朱米,26,女,成都,2线,6753,中青年,中收入人群,5,23,"['宝妈', '娱乐', '时尚服装', '影视']"
345,刘新任,53,男,西宁,3线,5988,中老年,普通收入人群,10,21,"['美食', '退休礼物', '影视']"
346,薛荣玲,45,女,广州,1线,7281,中年,中收入人群,0,23,"['程序', '美食', '影视', '健身']"
347,王建陈,49,男,南昌,4线,5589,中老年,普通收入人群,10,21,"['时尚服装', '影视', '美食', '娱乐']"
348,熊青,22,男,长春,3线,5760,青年,普通收入人群,10,22,"['美食', '健身', '时尚服装', '娱乐']"
349,李文,30,女,重庆,2线,6578,中青年,中收入人群,5,23,"['程序', '美食', '时尚服装', '影视']"
350,王东,23,男,海口,3线,6131,青年,普通收入人群,10,22,"['健身', '美食', '影视', '时尚服装']"
351,丁唤飞,40,男,南昌,4线,5888,中年,普通收入人群,0,23,"['影视', '时尚服装', '美食', '健身']"
352,陈青姗,38,男,合肥,3线,5927,中年,普通收入人群,0,23,"['美食', '影视', '健身', '时尚服装']"
353,王巧艳,45,男,乌鲁木齐,2线,6526,中年,中收入人群,0,23,"['程序', '娱乐', '时尚服装', '健身']"
354,王颜青,35,女,杭州,1线,9426,中青年,中收入人群,5,23,"['健身', '美食', '程序', '娱乐']"
355,周燕抒,42,男,西安,4线,5769,中年,普通收入人群,0,23,"['娱乐', '美食', '健身', '时尚服装']"
356,黄梦,26,男,北京,1线,11400,中青年,高收入人群,5,23,"['娱乐', '美食', '健身', '时尚服装']"
357,陈阳轩,23,女,福州,2线,6374,青年,普通收入人群,10,22,"['宝妈', '娱乐', '影视', '美食']"
358,何晨莹,48,男,贵阳,2线,6551,中老年,中收入人群,10,21,"['健身', '娱乐', '美食', '影视']"
359,王艳华,53,女,天津,3线,5987,中老年,普通收入人群,10,21,"['美食', '退休礼物', '影视']"
360,王梦宇,24,女,重庆,2线,6423,青年,普通收入人群,10,22,"['程序', '时尚服装', '美食', '娱乐']"
361,李子欣,29,男,上海,1线,10081,中青年,高收入人群,5,23,"['娱乐', '程序', '时尚服装', '健身']"
362,许亚林,42,男,合肥,3线,6131,中年,普通收入人群,0,23,"['美食', '健身', '娱乐', '影视']"
363,王改萌,47,男,海口,3线,6265,中老年,普通收入人群,10,21,"['健身', '影视', '娱乐', '美食']"
364,张保旭,47,男,天津,3线,6041,中老年,普通收入人群,10,21,"['时尚服装', '程序', '美食', '影视']"
365,李星婷,24,女,郑州,3线,5888,青年,普通收入人群,10,22,"['宝妈', '健身', '美食', '娱乐']"
366,盛小韩,49,女,太原,4线,5401,中老年,普通收入人群,10,21,"['影视', '时尚服装', '美食', '娱乐']"
367,汪小蒙,36,男,拉萨,2线,6831,老年,中收入人群,10,19,"['程序', '娱乐', '影视', '时尚服装']"
368,韩陈,23,女,石家庄,4线,5640,青年,普通收入人群,10,22,"['健身', '时尚服装', '影视', '娱乐']"
369,许侃铃,47,女,南宁,3线,5927,中老年,普通收入人群,10,21,"['健身', '影视', '美食', '时尚服装']"
370,王文婷,55,女,兰州,3线,5871,中老年,普通收入人群,10,21,"['美食', '退休礼物', '影视']"
371,卢茹西,37,男,银川,3线,6290,中年,普通收入人群,0,23,"['娱乐', '时尚服装', '健身', '美食']"
372,段雅飞,54,女,银川,3线,6259,中老年,普通收入人群,10,21,"['美食', '退休礼物', '影视']"
373,宋梦洁,24,女,银川,3线,6302,青年,普通收入人群,10,22,"['健身', '时尚服装', '程序', '宝妈']"
374,杨玉丽,45,女,天津,3线,6103,中年,普通收入人群,0,23,"['健身', '程序', '娱乐', '时尚服装']"
375,李洁晶,50,男,西安,4线,5981,中老年,普通收入人群,10,21,"['美食', '退休礼物', '影视']"
376,李渃,21,女,太原,4线,5140,青年,低收入人群,10,22,"['时尚服装', '健身', '娱乐', '影视']"
377,康申,39,女,合肥,3线,6083,中年,普通收入人群,0,23,"['影视', '美食', '娱乐', '程序']"
378,孙梦婷,36,女,沈阳,4线,5505,老年,普通收入人群,10,19,"['娱乐', '影视', '健身', '美食']"
379,李倩栋,29,女,海口,3线,5979,中青年,普通收入人群,5,23,"['娱乐', '美食', '健身', '宝妈']"
380,郭梦,38,女,北京,1线,11163,中年,高收入人群,0,23,"['娱乐', '美食', '健身', '程序']"
381,朱宣京,52,女,郑州,3线,5780,中老年,普通收入人群,10,21,"['美食', '退休礼物', '影视']"
382,窦可婷,39,男,福州,2线,6353,中年,普通收入人群,0,23,"['健身', '美食', '娱乐', '影视']"
383,张雅阳,27,男,拉萨,2线,7012,中青年,中收入人群,5,23,"['时尚服装', '程序', '影视', '健身']"
384,庄妮云,40,男,乌鲁木齐,2线,6699,中年,中收入人群,0,23,"['健身', '程序', '时尚服装', '美食']"
385,李娟珂,21,女,西安,4线,5873,青年,普通收入人群,10,22,"['宝妈', '娱乐', '健身', '美食']"
386,张小,51,女,武汉,2线,6777,中老年,中收入人群,10,21,"['美食', '退休礼物', '影视']"
387,晁坤璇,53,男,福州,2线,6493,中老年,普通收入人群,10,21,"['美食', '退休礼物', '影视']"
388,牛晶琴,47,男,银川,3线,6120,中老年,普通收入人群,10,21,"['娱乐', '美食', '时尚服装', '影视']"
389,张雅滢,26,女,福州,2线,6368,中青年,普通收入人群,5,23,"['时尚服装', '影视', '程序', '娱乐']"
390,李家停,32,男,长沙,3线,5898,中青年,普通收入人群,5,23,"['美食', '影视', '时尚服装', '娱乐']"
391,陈亚政,45,男,北京,1线,11371,中年,高收入人群,0,23,"['娱乐', '程序', '美食', '影视']"
392,刘艺鑫,22,女,郑州,3线,5884,青年,普通收入人群,10,22,"['宝妈', '影视', '时尚服装', '美食']"
393,王子晴,44,男,武汉,2线,6797,中年,中收入人群,0,23,"['美食', '娱乐', '影视', '健身']"
394,王慧,40,男,郑州,3线,5945,中年,普通收入人群,0,23,"['健身', '美食', '娱乐', '影视']"
395,刘晓,27,女,贵阳,2线,6479,中青年,普通收入人群,5,23,"['程序', '娱乐', '健身', '影视']"
396,张奕炜,30,男,合肥,3线,5903,中青年,普通收入人群,5,23,"['时尚服装', '影视', '娱乐', '美食']"
397,安姣萍,34,男,合肥,3线,5976,中青年,普通收入人群,5,23,"['美食', '娱乐', '影视', '健身']"
398,步玉琪,23,男,合肥,3线,5938,青年,普通收入人群,10,22,"['美食', '娱乐', '健身', '时尚服装']"
399,郭梦,39,男,济南,3线,6400,中年,普通收入人群,0,23,"['健身', '美食', '程序', '娱乐']"
400,杨艳娜,40,女,长沙,3线,5953,中年,普通收入人群,0,23,"['美食', '健身', '时尚服装', '影视']"
401,范雨瑶,49,男,南宁,3线,5922,中老年,普通收入人群,10,21,"['娱乐', '影视', '时尚服装', '美食']"
402,王荣航,53,男,北京,1线,11339,中老年,高收入人群,10,21,"['美食', '退休礼物', '影视']"
403,王火,50,男,银川,3线,6263,中老年,普通收入人群,10,21,"['美食', '退休礼物', '影视']"
404,张荣囡,28,男,南京,1线,7117,中青年,中收入人群,5,23,"['娱乐', '程序', '影视', '时尚服装']"
405,张燕利,25,女,乌鲁木齐,2线,6637,老年,中收入人群,10,19,"['宝妈', '时尚服装', '程序', '娱乐']"
406,朱星璇,26,男,天津,3线,5898,中青年,普通收入人群,5,23,"['时尚服装', '影视', '娱乐', '美食']"
407,张唤杰,33,女,拉萨,2线,7133,中青年,中收入人群,5,23,"['宝妈', '程序', '影视', '时尚服装']"
408,卢雪燕,36,男,银川,3线,5986,老年,普通收入人群,10,19,"['美食', '娱乐', '健身', '影视']"
409,聂敏炜,55,女,广州,1线,7365,中老年,中收入人群,10,21,"['美食', '退休礼物', '影视']"
410,杨宝,47,男,石家庄,4线,5444,中老年,普通收入人群,10,21,"['美食', '影视', '时尚服装', '健身']"
411,郭萍真,54,男,西安,4线,5885,中老年,普通收入人群,10,21,"['美食', '退休礼物', '影视']"
412,张梦尼,23,男,沈阳,4线,5662,青年,普通收入人群,10,22,"['时尚服装', '健身', '娱乐', '影视']"
413,李子,54,女,广州,1线,7413,中老年,中收入人群,10,21,"['美食', '退休礼物', '影视']"
414,李梦洋,24,女,南京,1线,7285,青年,中收入人群,10,22,"['程序', '时尚服装', '宝妈', '健身']"
415,张小,49,女,长春,3线,5805,中老年,普通收入人群,10,21,"['健身', '美食', '影视', '时尚服装']"
416,谷小燕,50,男,昆明,3线,6229,中老年,普通收入人群,10,21,"['美食', '退休礼物', '影视']"
417,董春丽,23,女,沈阳,4线,5485,青年,普通收入人群,10,22,"['娱乐', '宝妈', '时尚服装', '美食']"
418,许文,22,男,南昌,4线,5542,青年,普通收入人群,10,22,"['影视', '健身', '时尚服装', '娱乐']"
419,郭贾莹,53,男,哈尔滨,3线,5939,中老年,普通收入人群,10,21,"['美食', '退休礼物', '影视']"
420,刘亚华,41,男,长春,3线,5832,中年,普通收入人群,0,23,"['美食', '健身', '时尚服装', '影视']"
421,张梦欣,41,男,武汉,2线,6651,中年,中收入人群,0,23,"['美食', '健身', '时尚服装', '影视']"
422,刘婷,21,男,济南,3线,6074,青年,普通收入人群,10,22,"['健身', '程序', '美食', '影视']"
423,王保,46,女,太原,4线,5264,老年,普通收入人群,10,19,"['时尚服装', '健身', '美食', '娱乐']"
424,孙汝京,29,男,天津,3线,6125,中青年,普通收入人群,5,23,"['美食', '时尚服装', '程序', '影视']"
425,焦玉婷,46,女,福州,2线,6230,老年,普通收入人群,10,19,"['美食', '健身', '程序', '时尚服装']"
426,王静,52,女,昆明,3线,6252,中老年,普通收入人群,10,21,"['美食', '退休礼物', '影视']"
427,宋晓,49,男,上海,1线,10092,中老年,高收入人群,10,21,"['时尚服装', '娱乐', '健身', '影视']"
428,陈玉娟,35,女,北京,1线,11340,中青年,高收入人群,5,23,"['影视', '程序', '时尚服装', '美食']"
429,陈丽方,44,男,海口,3线,6169,中年,普通收入人群,0,23,"['健身', '时尚服装', '程序', '娱乐']"
430,张惠,23,男,上海,1线,9918,青年,中收入人群,10,22,"['时尚服装', '程序', '健身', '娱乐']"
431,曾梦令,39,男,西安,4线,5679,中年,普通收入人群,0,23,"['美食', '时尚服装', '娱乐', '影视']"
432,张雅任,41,女,呼和浩特,3线,5962,中年,普通收入人群,0,23,"['影视', '娱乐', '美食', '时尚服装']"
433,王陈华,27,女,拉萨,2线,6998,中青年,中收入人群,5,23,"['健身', '时尚服装', '影视', '娱乐']"
434,张浩阳,51,男,南昌,4线,5920,中老年,普通收入人群,10,21,"['美食', '退休礼物', '影视']"
435,张东之,22,男,南京,1线,7391,青年,中收入人群,10,22,"['美食', '程序', '健身', '时尚服装']"
436,李黎梅,48,女,昆明,3线,6300,中老年,普通收入人群,10,21,"['娱乐', '美食', '健身', '时尚服装']"
437,窦永韩,28,女,西宁,3线,5980,中青年,普通收入人群,5,23,"['美食', '娱乐', '影视', '健身']"
438,张艳琴,22,女,武汉,2线,6713,青年,中收入人群,10,22,"['影视', '健身', '时尚服装', '程序']"
439,丁瑞静,35,女,贵阳,2线,6521,中青年,中收入人群,5,23,"['娱乐', '美食', '健身', '影视']"
440,段雅萍,24,男,上海,1线,10117,青年,高收入人群,10,22,"['娱乐', '影视', '时尚服装', '程序']"
441,郑慧静,54,男,昆明,3线,6283,中老年,普通收入人群,10,21,"['美食', '退休礼物', '影视']"
442,苗鹤荣,35,女,郑州,3线,5963,中青年,普通收入人群,5,23,"['影视', '时尚服装', '健身', '娱乐']"
443,贾莹楠,21,女,乌鲁木齐,2线,6724,青年,中收入人群,10,22,"['娱乐', '时尚服装', '美食', '程序']"
444,胡燕飞,54,男,重庆,2线,6407,中老年,普通收入人群,10,21,"['美食', '退休礼物', '影视']"
445,蔡雪盼,27,男,海口,3线,6289,中青年,普通收入人群,5,23,"['健身', '影视', '程序', '美食']"
446,陈志娜,46,女,昆明,3线,6373,老年,普通收入人群,10,19,"['影视', '程序', '娱乐', '美食']"
447,孙家毅,47,女,北京,1线,11174,中老年,高收入人群,10,21,"['健身', '美食', '时尚服装', '影视']"
448,康扬洁,45,女,太原,4线,5285,中年,普通收入人群,0,23,"['娱乐', '时尚服装', '美食', '影视']"
449,阿晨雯,38,女,福州,2线,6518,中年,中收入人群,0,23,"['影视', '健身', '美食', '娱乐']"
450,焦贝飞,40,男,上海,1线,9844,中年,中收入人群,0,23,"['健身', '程序', '时尚服装', '美食']"
451,盛巧科,36,男,南宁,3线,6079,老年,普通收入人群,10,19,"['健身', '影视', '时尚服装', '程序']"
452,杨圆美,39,女,拉萨,2线,6927,中年,中收入人群,0,23,"['美食', '时尚服装', '健身', '程序']"
453,胡晶,37,男,西宁,3线,6230,中年,普通收入人群,0,23,"['健身', '娱乐', '影视', '程序']"
454,张俊丽,47,男,兰州,3线,6046,中老年,普通收入人群,10,21,"['程序', '美食', '时尚服装', '健身']"
455,牛鑫华,55,男,拉萨,2线,6927,中老年,中收入人群,10,21,"['美食', '退休礼物', '影视']"
456,李鑫立,37,男,福州,2线,6355,中年,普通收入人群,0,23,"['时尚服装', '健身', '美食', '程序']"
457,张慧芮,20,女,沈阳,4线,5429,青年,普通收入人群,10,22,"['时尚服装', '娱乐', '美食', '宝妈']"
458,殷梦博,41,女,郑州,3线,5878,中年,普通收入人群,0,23,"['健身', '美食', '影视', '娱乐']"
459,黄晓,28,男,武汉,2线,6572,中青年,中收入人群,5,23,"['美食', '健身', '娱乐', '影视']"
460,常颜真,29,男,海口,3线,6128,中青年,普通收入人群,5,23,"['程序', '娱乐', '美食', '健身']"
461,文梦青,28,男,贵阳,2线,6633,中青年,中收入人群,5,23,"['影视', '健身', '美食', '娱乐']"
462,徐雪娜,33,男,石家庄,4线,5562,中青年,普通收入人群,5,23,"['娱乐', '美食', '影视', '时尚服装']"
463,王博瑶,35,女,济南,3线,6117,中青年,普通收入人群,5,23,"['时尚服装', '影视', '程序', '美食']"
464,李怡抒,45,女,西安,4线,5687,中年,普通收入人群,0,23,"['美食', '娱乐', '健身', '影视']"
465,晁雨通,33,男,郑州,3线,6053,中青年,普通收入人群,5,23,"['美食', '健身', '娱乐', '时尚服装']"
466,孔丹燕,33,男,贵阳,2线,6747,中青年,中收入人群,5,23,"['健身', '时尚服装', '美食', '影视']"
467,侯士洁,35,女,福州,2线,6460,中青年,普通收入人群,5,23,"['程序', '宝妈', '时尚服装', '美食']"
468,孙奕,46,女,上海,1线,10008,老年,高收入人群,10,19,"['程序', '影视', '健身', '美食']"
469,梁开,20,女,拉萨,2线,7050,青年,中收入人群,10,22,"['健身', '宝妈', '影视', '时尚服装']"
470,宋依丽,42,男,南昌,4线,5930,中年,普通收入人群,0,23,"['时尚服装', '影视', '美食', '娱乐']"
471,金利晶,44,男,西安,4线,5718,中年,普通收入人群,0,23,"['美食', '健身', '影视', '娱乐']"
472,王佳,34,男,广州,1线,7390,中青年,中收入人群,5,23,"['程序', '影视', '娱乐', '美食']"
473,司旭铃,40,男,广州,1线,7327,中年,中收入人群,0,23,"['美食', '健身', '程序', '娱乐']"
474,汪寒坤,48,女,西安,4线,5623,中老年,普通收入人群,10,21,"['健身', '娱乐', '时尚服装', '影视']"
475,李鑫政,30,男,银川,3线,6070,中青年,普通收入人群,5,23,"['影视', '美食', '时尚服装', '程序']"
476,李曼乐,54,女,武汉,2线,6677,中老年,中收入人群,10,21,"['美食', '退休礼物', '影视']"
477,贺米琴,52,女,广州,1线,7312,中老年,中收入人群,10,21,"['美食', '退休礼物', '影视']"
478,袁慧,35,女,长沙,3线,6129,中青年,普通收入人群,5,23,"['程序', '健身', '娱乐', '影视']"
479,陈永,28,女,南宁,3线,5866,中青年,普通收入人群,5,23,"['美食', '时尚服装', '健身', '宝妈']"
480,叶婷娟,55,男,济南,3线,6361,中老年,普通收入人群,10,21,"['美食', '退休礼物', '影视']"
481,温志茹,21,男,武汉,2线,6711,青年,中收入人群,10,22,"['程序', '健身', '美食', '娱乐']"
482,王月,21,男,海口,3线,6183,青年,普通收入人群,10,22,"['美食', '娱乐', '影视', '程序']"
483,吴杨,34,男,合肥,3线,5996,中青年,普通收入人群,5,23,"['娱乐', '时尚服装', '影视', '健身']"
484,张俊杰,34,男,长春,3线,5976,中青年,普通收入人群,5,23,"['影视', '时尚服装', '健身', '娱乐']"
485,庄荣昕,44,女,南昌,4线,5599,中年,普通收入人群,0,23,"['影视', '娱乐', '健身', '时尚服装']"
486,侯渃,22,女,济南,3线,6259,青年,普通收入人群,10,22,"['影视', '健身', '程序', '宝妈']"
487,刘于姗,41,女,南宁,3线,5901,中年,普通收入人群,0,23,"['娱乐', '时尚服装', '美食', '健身']"
488,周园琪,54,男,乌鲁木齐,2线,6532,中老年,中收入人群,10,21,"['美食', '退休礼物', '影视']"
489,赵可圆,34,男,太原,4线,5266,中青年,普通收入人群,5,23,"['影视', '时尚服装', '娱乐', '美食']"
490,徐文阳,48,女,天津,3线,5925,中老年,普通收入人群,10,21,"['时尚服装', '影视', '美食', '健身']"
491,邓瑞丽,38,女,石家庄,4线,5544,中年,普通收入人群,0,23,"['健身', '时尚服装', '美食', '影视']"
492,李朋萍,28,男,长沙,3线,6275,中青年,普通收入人群,5,23,"['程序', '美食', '影视', '时尚服装']"
493,周玉康,23,男,南昌,4线,5641,青年,普通收入人群,10,22,"['美食', '时尚服装', '娱乐', '健身']"
494,张玉璇,20,男,广州,1线,7116,青年,中收入人群,10,22,"['娱乐', '时尚服装', '健身', '影视']"
495,郭艺轩,31,女,济南,3线,6261,中青年,普通收入人群,5,23,"['娱乐', '程序', '健身', '影视']"
496,吕瑞琴,22,男,贵阳,2线,6482,青年,普通收入人群,10,22,"['时尚服装', '程序', '美食', '影视']"
497,王茹琪,42,男,重庆,2线,6299,中年,普通收入人群,0,23,"['时尚服装', '美食', '程序', '健身']"
498,薛小菲,54,男,上海,1线,10042,中老年,高收入人群,10,21,"['美食', '退休礼物', '影视']"
499,尹舒鸽,53,男,兰州,3线,6070,中老年,普通收入人群,10,21,"['美食', '退休礼物', '影视']"
